ID	 Theme               	 As a/an       	 I want to…                                                                                	 so that…                                                                    	 Notes                                                                                                               	 Acceptance Criteria / Conditions of Satisfaction                                                                                                         	 Priority   	 Status
 1	 Investing           	 User          	 Access current stock prices                                                               	 I can be informed about the current state of the market                     	 Gold/bond/commodity markets may be included, it depends on the API. Something to keep in mind                       	 We can access stock prices (w/ historical data) via an API and we can display this information via a graph                                               	 Must have  	 Incomplete
 2	 Investing           	 User          	 Track specific stocks                                                                     	 I can be informed about the stocks that I care about                        	                                                                                                                     	 We allow the user to select certain stocks which are saved in the database and are prominently displayed after login                                     	 Must have  	 Incomplete
 3	 Financial Management	 User          	 Track and manage the value of different assets                                            	 I can be informed about my financial life                                   	 Might also include crypto or other currencies                                                                       	 We allow the user to input different assets (houses, cars, stocks, etc.) along with their estimated value                                                	 Must have  	 Incomplete
 4	 Financial Management	 User          	 Have my currently invested stocks automatically update my net worth                       	 I can be informed about my financial life                                   	                                                                                                                     	 The current value of the stock is automatically added/subtracted to the user's net worth                                                                 	 Should have	 Incomplete
 5	 Financial Management	 User          	 Track and manage various income streams                                                   	 I can be informed about my financial life                                   	                                                                                                                     	 We allow the user to input different recurring income streams (such as paychecks)                                                                        	 Must have  	 Incomplete
 6	 Financial Management	 User          	 Track and manage various expenses                                                         	 I can be informed about my financial life                                   	                                                                                                                     	 We allow the user to input different recurring expenses (such as bills) and one-off expenses (such as groceries)                                         	 Must have  	 Incomplete
 7	 Financial Management	 User          	 Search my imputed incomes, assets and expenses                                            	 I can easily find important information about my financial life             	                                                                                                                     	 We allow the user to search their incomes, assets and expenses, either by name or date (w/ a range)                                                      	 Should have	 Incomplete
 8	 Financial Management	 User          	 Visualize my various incomes, assets and expenses in a graph                              	 I can easily visualize information about my financial life                  	                                                                                                                     	 We graph financial information over a various timeframes                                                                                                 	 Could have 	 Incomplete
 9	 Financial Management	 User          	 See my current net worth                                                                  	 I can easily see my overall financial position                              	                                                                                                                     	 We add assets and incomes and subtract expenses, and prominently display the result                                                                      	 Must have  	 Incomplete
10	 Financial Management	 User          	 Toggle different incomes, assets and expenses on and off                                  	 I can experiment with and better understand my current financial position   	                                                                                                                     	 We allow the user to toggle on/off their different incomes, assets and expenses, with this affecting their displayed net worth and graphs                	 Could have 	 Incomplete
11	 Financial Management	 User          	 See what percentage a certain income or asset is of my total net worth                    	 I can better understand my current financial position                       	                                                                                                                     	 We display a pie chart with every income and asset being a slice. When they hover over each slice, the slice is highlighted and information is displayed 	 Could have 	 Incomplete
12	 Financial Management	 User          	 Set different financial goals surrounding my net worth                                    	 I can work towards my life goals                                            	                                                                                                                     	 We allow the user to input their goals with their net worth (such as double net worth in a month). We have reminders and celebrate when the user succeeds	 Could have 	 Incomplete
13	 Financial Management	 User          	 Set different financial goals surrounding my income                                       	 I can work towards my life goals                                            	                                                                                                                     	 We allow the user to input their goals with their income (such as making $1000/week within year). We have reminders and celebrate when the user succeeds 	 Could have 	 Incomplete
14	 Financial Management	 User          	 Categorize my different incomes, assets and expenses                                      	 I can better understand my current financial position                       	 Maybe use AI?                                                                                                       	 We (either automatically or make the user tag) have each income, asset and expense fall into a specific category and display it                          	 Should have	 Incomplete
15	 Financial Management	 User          	 Receive warnings when my expenses cost more than my income                                	 I can avoid overspending                                                    	                                                                                                                     	 When expenses are more than income streams, warn user with popup                                                                                         	 Could have 	 Incomplete
16	 Investing           	 User          	 Access current crypto prices                                                              	 I can be informed about the cryptocurrency that I care about                	                                                                                                                     	 We can access crypto prices (w/ historical data) via an API and we can display this information via a graph                                              	 Could have 	 Incomplete
17	 Investing           	 User          	 Access current foreign currency prices                                                    	 I can be informed about the foreign currencies that I care about            	                                                                                                                     	 We can access foreign currency prices (w/ historical data) via an API and we can display this information via a graph                                    	 Could have 	 Incomplete
18	 Profile             	 User          	 Change my profile picture                                                                 	 I can personalize my financial account                                      	                                                                                                                     	 We allow the user to upload a profile picture and store it in our database                                                                               	 Should have	 Incomplete
19	 Profile             	 User          	 Change the theme of the website                                                           	 I can personalize my financial account                                      	                                                                                                                     	 We have multiple website themes and change them based on user input, remembering their last choice                                                       	 Could have 	 Incomplete
20	 Profile             	 User          	 Change my display name                                                                    	 I can personalize my financial account                                      	                                                                                                                     	 We have a seperate user name field and that the user can change                                                                                          	 Could have 	 Incomplete
21	 Security            	 User/Developer	 Have a secure website                                                                     	 My financial data is secure                                                 	                                                                                                                     	 We have strict password requirements and we encrypt any financial data                                                                                   	 Must have  	 Incomplete
22	 Security            	 User          	 Easily log into the website via Google sign-in                                            	 I do not need to type in my password every time I want to access the website	                                                                                                                     	 We connect with Google sign-in, allowing the user to log in with a Google account                                                                        	 Could have 	 Incomplete
23	 News                	 User          	 Access the latest financial news                                                          	 I can stay informed about my investments                                    	                                                                                                                     	 We display the headlines of new financial articles and provide links for user's to read more                                                             	 Could have 	 Incomplete
24	 AI                  	 User          	 Have AI analyze my financial information and give suggestions                             	 I can optimize my financial strategy                                        	 We might want to consider running a local AI.   We also need to consider speed. Maybe initialize AI during login?   	 We have an AI-powered chatbot that reads financial information and gives relevant suggestions                                                            	 Should have	 Incomplete
25	 Simulation          	 User          	 Run simulations with my financial information                                             	 I can understand potential future financial outcomes                        	 https://en.wikipedia.org/wiki/Monte_Carlo_method  We also need to figure out what factors will affect the simulation	 We have a Monte Carlo simulation based on various possible outcomes and return the result                                                                	 Should have	 Incomplete
26	 Simulation          	 User          	 Track my simulation runs over time                                                        	 Assess how different decisions affect outcomes                              	                                                                                                                     	 We save the results of previous Monte Carlo simulations and allow the user to view them                                                                  	 Could have 	 Incomplete
27	 Profile             	 User          	 Decide what graphs are being displayed                                                    	 I can personalize my financial account                                      	                                                                                                                     	 We allow the user to drag/drop different graphs containing different information                                                                         	 Could have 	 Incomplete
28	 Simulation          	 User          	 Run simulations based on different possible outcomes                                      	 I can better understand my current financial position                       	                                                                                                                     	 We have allow the user to affect the Monte Carlo simulation based on different profiles (such as bear/bull market for example)                           	 Could have 	 Incomplete
29	 Financial Management	 User          	 See how diverse my portfolio is                                                           	 I can better understand my current financial position                       	 https://www.swanglobalinvestments.com/the-mathematics-of-diversification/                                           	 We calculate and display how diverse the user's finances are                                                                                             	 Could have 	 Incomplete
30	 Financial Management	 User          	 See how well I am following various budgeting strategies                                  	 I can work towards my life goals                                            	 https://srfs.upenn.edu/financial-wellness/browse-topics/budgeting/popular-budgeting-strategies                      	 We allow the user to select a budgeting strategy from a list and measure how close they are following their selected strategy                            	 Could have 	 Incomplete
31	 Simulation          	 User          	 Run simulations in a reasonable amount of time                                            	 I do not have to wait for the simulation                                    	                                                                                                                     	 We optimize the simulation so that it runs in a reasonable amount of time (sub 10 seconds)                                                               	 Should have	 Incomplete
32	 Investing           	 User          	 Input the number of a particular stock that I own and have the program deal with dividends	 I can better understand my current financial position                       	                                                                                                                     	 We accept a stock ticker and the number of the stock and treat the dividend as an income source                                                          	 Must have  	 Incomplete
33	 Profile             	 User          	 Easily create and login into my account                                                   	 Access the site and my information                                          	                                                                                                                     	 We have a user creation screen that creates a new account and a user login screen that logs into the account. All of this is painfree                    	 Must have  	 Incomplete
